{"G": 6.674e-11, "rho": 1000000000.0, "sun_mass": 1e+16, "merging_threshold": 2, "per_step_time": 0.5555449941143075, "num_steps": 10000, "basic_radii": 20.0, "num_chunks": 1, "init_config": {"num_planets": 1000, "pos_norm": 10000, "pos_bias": 1000.0, "v_norm": 9.000171098600905, "v_bias": 0.1000019000955466}, "figure_config": {"no_figure": false, "margin_bias": 10000, "plot_scale": 500, "range_quantile": 0.9, "record_steps": 40}, "device": "cuda", "metrics": {"merger_checking": 25.0, "orbit_constant": 0.9076999999999998, "force_ratio": 12.5, "angular_velocity": 0.0005, "init_pos_ratio": 0.1, "init_vel_ratio": 0.011111111, "line_density": 0.002}}